# {"t_start": 1573052240.5801425, "env_id": "MARARandomTarget-v0"} 
r,l,t
-888.206369,1024,16.333488
