# {"t_start": 1573037749.8953907, "env_id": "MARARandomTarget-v0"} 
r,l,t
-881.040431,1024,18.048003
-883.681051,1024,31.769928
