# {"t_start": 1573045997.4523351, "env_id": "MARARandomTarget-v0"} 
r,l,t
-883.973114,1024,293.382873
