# {"t_start": 1573060688.233981, "env_id": "MARARandomTarget-v0"} 
r,l,t
-890.021985,1024,18.016695
-883.228783,1024,32.757665
-885.37768,1024,48.495099
-883.45188,1024,61.248873
