# {"t_start": 1573060344.6014166, "env_id": "MARARandomTarget-v0"} 
r,l,t
-886.721895,1024,15.581451
-890.205949,1024,30.343079
-888.918748,1024,47.738669
-883.624892,1024,61.13969
