# {"t_start": 1573032397.2663255, "env_id": "MARARandomTarget-v0"} 
r,l,t
-882.063815,1024,13.884319
