# {"t_start": 1573041093.2076576, "env_id": "MARARandomTarget-v0"} 
r,l,t
-887.320475,1024,26.485311
