# {"t_start": 1573049109.446075, "env_id": "MARARandomTarget-v0"} 
r,l,t
-887.385962,1024,324.479365
