# {"t_start": 1573045912.472118, "env_id": "MARARandomTarget-v0"} 
r,l,t
-884.603826,1024,29.903224
-897.528446,1024,55.905247
